               epoch,      train/box_loss,      train/obj_loss,      train/cls_loss,   metrics/precision,      metrics/recall,     metrics/mAP_0.5,metrics/mAP_0.5:0.95,        val/box_loss,        val/obj_loss,        val/cls_loss,               x/lr0,               x/lr1,               x/lr2
                   0,             0.11768,            0.028867,                   0,           0.0021974,             0.01087,           0.0007443,           0.0001548,             0.12115,            0.025636,                   0,               3e-05,               3e-05,             0.09973
                   1,             0.11528,            0.027764,                   0,           0.0029439,             0.01087,          0.00077021,           0.0001628,             0.11694,            0.023011,                   0,          6.9998e-05,          6.9998e-05,             0.09937
                   2,             0.11235,            0.026392,                   0,           0.0091097,             0.01087,            0.001015,          0.00022272,             0.11001,            0.021046,                   0,          0.00010998,          0.00010998,             0.09901
                   3,             0.10644,            0.026085,                   0,           0.0073164,            0.043478,            0.001896,          0.00030921,            0.099874,            0.019799,                   0,          0.00014995,          0.00014995,             0.09865
                   4,            0.099526,            0.023548,                   0,           0.0068568,            0.021739,            0.001718,          0.00027835,            0.092195,            0.018941,                   0,          0.00018989,          0.00018989,             0.09829
                   5,            0.096681,            0.023823,                   0,            0.025264,             0.01087,            0.001745,          0.00026617,            0.087019,             0.01832,                   0,           0.0002298,           0.0002298,             0.09793
                   6,            0.093059,            0.025686,                   0,           0.0052968,             0.01087,           0.0015728,          0.00027971,            0.082977,            0.017979,                   0,          0.00026965,          0.00026965,             0.09757
                   7,            0.090747,            0.022669,                   0,           0.0019601,             0.34783,           0.0013053,          0.00020871,            0.080052,            0.017719,                   0,          0.00030946,          0.00030946,            0.097209
                   8,            0.089786,              0.0238,                   0,           0.0028549,            0.065217,           0.0013917,          0.00021373,            0.078251,            0.017463,                   0,           0.0003492,           0.0003492,            0.096849
                   9,            0.085336,            0.021266,                   0,           0.0038002,            0.076087,           0.0014945,          0.00025711,            0.076891,             0.01727,                   0,          0.00038888,          0.00038888,            0.096489
                  10,            0.083216,            0.021623,                   0,            0.001983,            0.076087,            0.001235,          0.00022537,            0.075088,            0.017196,                   0,          0.00042847,          0.00042847,            0.096128
                  11,            0.080125,            0.024151,                   0,            0.002577,             0.01087,           0.0014257,          0.00024779,            0.072574,            0.017293,                   0,          0.00046798,          0.00046798,            0.095768
                  12,            0.082391,            0.020591,                   0,           0.0018601,             0.34783,           0.0012818,          0.00025196,            0.071511,             0.01715,                   0,           0.0005074,           0.0005074,            0.095407
                  13,            0.079921,            0.023042,                   0,           0.0018845,             0.43478,           0.0013932,           0.0002812,            0.069936,             0.01708,                   0,           0.0005467,           0.0005467,            0.095047
                  14,            0.078205,            0.024156,                   0,           0.0023088,             0.27174,           0.0019319,          0.00035931,            0.067707,            0.017102,                   0,           0.0005859,           0.0005859,            0.094686
                  15,            0.077234,            0.023938,                   0,           0.0096037,             0.01087,           0.0023094,          0.00046587,            0.065146,             0.01715,                   0,          0.00062498,          0.00062498,            0.094325
                  16,            0.076966,            0.024617,                   0,           0.0060389,             0.01087,           0.0018902,           0.0003566,            0.063895,             0.01707,                   0,          0.00066393,          0.00066393,            0.093964
                  17,            0.074038,            0.021496,                   0,           0.0035576,             0.01087,           0.0022755,          0.00043209,            0.061129,            0.017234,                   0,          0.00070274,          0.00070274,            0.093603
                  18,            0.071929,            0.024027,                   0,           0.0027611,             0.43478,           0.0026607,          0.00053035,            0.059993,            0.017171,                   0,           0.0007414,           0.0007414,            0.093241
                  19,            0.069134,            0.024009,                   0,             0.00355,             0.46739,           0.0033589,          0.00069946,            0.058232,            0.017074,                   0,          0.00077992,          0.00077992,             0.09288
                  20,            0.067612,            0.023482,                   0,            0.006222,             0.70652,           0.0057752,           0.0011066,            0.056204,            0.017055,                   0,          0.00081827,          0.00081827,            0.092518
                  21,            0.067901,            0.023927,                   0,            0.010849,             0.38043,             0.01024,           0.0022214,            0.054854,            0.016967,                   0,          0.00085645,          0.00085645,            0.092156
                  22,            0.065475,            0.024221,                   0,            0.024184,             0.51087,            0.021982,            0.004771,            0.052071,            0.016975,                   0,          0.00089445,          0.00089445,            0.091794
                  23,            0.061786,            0.021495,                   0,            0.067263,             0.33696,            0.056097,            0.014157,            0.051224,            0.016733,                   0,          0.00093227,          0.00093227,            0.091432
                  24,            0.058866,            0.022445,                   0,              0.1319,             0.59783,             0.12148,             0.03678,            0.047719,            0.016718,                   0,          0.00096989,          0.00096989,             0.09107
                  25,            0.058861,            0.025447,                   0,             0.26026,             0.65217,             0.27649,            0.094558,              0.0454,            0.016593,                   0,           0.0010073,           0.0010073,            0.090707
                  26,            0.055102,            0.024039,                   0,            0.072171,             0.52174,            0.069442,            0.013805,            0.052059,            0.015038,                   0,           0.0010445,           0.0010445,            0.090345
                  27,            0.055778,            0.023361,                   0,             0.06039,             0.40217,            0.048884,            0.008711,             0.05428,            0.014583,                   0,           0.0010815,           0.0010815,            0.089982
                  28,            0.058071,            0.024594,                   0,              0.4812,             0.62508,             0.54244,              0.1656,            0.043087,               0.016,                   0,           0.0011183,           0.0011183,            0.089618
                  29,            0.054161,            0.022728,                   0,             0.37927,             0.78261,             0.43372,            0.099582,            0.042954,            0.015416,                   0,           0.0011548,           0.0011548,            0.089255
                  30,            0.052279,            0.021301,                   0,             0.51906,             0.55435,             0.49774,             0.12797,            0.039542,            0.015472,                   0,           0.0011911,           0.0011911,            0.088891
                  31,            0.049012,            0.021211,                   0,              0.4315,             0.72826,             0.48793,             0.16744,            0.040974,            0.014902,                   0,           0.0012272,           0.0012272,            0.088527
                  32,            0.051576,            0.017391,                   0,             0.47668,             0.84783,             0.60761,             0.17523,            0.046002,            0.014029,                   0,            0.001263,            0.001263,            0.088163
                  33,            0.050177,            0.022173,                   0,              0.5337,             0.67182,             0.54173,             0.21592,            0.043006,             0.01396,                   0,           0.0012985,           0.0012985,            0.087799
                  34,            0.048237,            0.020003,                   0,             0.50715,             0.74938,             0.57325,             0.18243,            0.040338,            0.014022,                   0,           0.0013338,           0.0013338,            0.087434
                  35,            0.047377,            0.020608,                   0,             0.60396,             0.81522,             0.66212,             0.24064,            0.038185,            0.013833,                   0,           0.0013688,           0.0013688,            0.087069
                  36,            0.047752,            0.018926,                   0,             0.68138,             0.79348,             0.73577,             0.26892,            0.041679,             0.01351,                   0,           0.0014035,           0.0014035,            0.086703
                  37,            0.048022,            0.021922,                   0,             0.59916,             0.90986,             0.69883,             0.28642,            0.039212,            0.013685,                   0,           0.0014379,           0.0014379,            0.086338
                  38,            0.047974,            0.019808,                   0,             0.51662,             0.75512,              0.6207,             0.20085,            0.043052,            0.013089,                   0,            0.001472,            0.001472,            0.085972
                  39,            0.046288,            0.018579,                   0,             0.41333,             0.69565,             0.50453,             0.10678,            0.044251,            0.012914,                   0,           0.0015058,           0.0015058,            0.085606
                  40,            0.047593,            0.020108,                   0,             0.71042,             0.74666,             0.73248,             0.30698,            0.036562,            0.013226,                   0,           0.0015393,           0.0015393,            0.085239
                  41,             0.04688,            0.019549,                   0,             0.68026,             0.83696,             0.75017,             0.30719,            0.038691,            0.012845,                   0,           0.0015724,           0.0015724,            0.084872
                  42,            0.046613,            0.017104,                   0,             0.78618,             0.72826,             0.76242,             0.28039,            0.038759,            0.012798,                   0,           0.0016053,           0.0016053,            0.084505
                  43,            0.047708,            0.015388,                   0,              0.6192,             0.80435,             0.71347,             0.34397,            0.041371,            0.011834,                   0,           0.0016378,           0.0016378,            0.084138
                  44,            0.045933,            0.018257,                   0,             0.71132,             0.78261,             0.75712,              0.3804,             0.03787,            0.011945,                   0,             0.00167,             0.00167,             0.08377
                  45,            0.044634,            0.018593,                   0,             0.68792,             0.81466,             0.77145,              0.3515,            0.038228,            0.011731,                   0,           0.0017018,           0.0017018,            0.083402
                  46,            0.047121,            0.016667,                   0,             0.75426,             0.90078,             0.84322,             0.46638,            0.034139,            0.012029,                   0,           0.0017333,           0.0017333,            0.083033
                  47,            0.044203,            0.016394,                   0,             0.75856,              0.8587,             0.80728,             0.40263,             0.03631,             0.01212,                   0,           0.0017644,           0.0017644,            0.082664
                  48,            0.043055,            0.015599,                   0,             0.78711,             0.84783,             0.83413,             0.42065,            0.033804,            0.012214,                   0,           0.0017951,           0.0017951,            0.082295
                  49,            0.045165,            0.014912,                   0,             0.85099,             0.86903,             0.88634,             0.47524,            0.038614,            0.011453,                   0,           0.0018255,           0.0018255,            0.081926
                  50,            0.047499,            0.015614,                   0,             0.82225,             0.85479,              0.8764,             0.49136,            0.033916,            0.011455,                   0,           0.0018555,           0.0018555,            0.081556
                  51,            0.044481,            0.014721,                   0,              0.8082,             0.92391,             0.89943,             0.54226,             0.03291,            0.011087,                   0,           0.0018852,           0.0018852,            0.081185
                  52,            0.044444,            0.014411,                   0,             0.83682,             0.83615,             0.88158,             0.50277,            0.032747,            0.010871,                   0,           0.0019144,           0.0019144,            0.080814
                  53,            0.042312,            0.014693,                   0,             0.63253,             0.80435,             0.75218,             0.26151,            0.036172,            0.010345,                   0,           0.0019432,           0.0019432,            0.080443
                  54,            0.044284,            0.014294,                   0,             0.65908,             0.73913,              0.7514,             0.32849,            0.037491,            0.010176,                   0,           0.0019717,           0.0019717,            0.080072
                  55,            0.041531,            0.013684,                   0,             0.82982,             0.90107,             0.91299,             0.57094,            0.031588,            0.010621,                   0,           0.0019997,           0.0019997,              0.0797
                  56,            0.044509,            0.015312,                   0,             0.81723,             0.92344,              0.9164,             0.58403,            0.033486,            0.010262,                   0,           0.0020273,           0.0020273,            0.079327
                  57,            0.042595,            0.013858,                   0,             0.83493,             0.93461,             0.90946,             0.45423,            0.037162,           0.0097639,                   0,           0.0020545,           0.0020545,            0.078955
                  58,            0.043918,            0.013964,                   0,             0.57425,             0.79348,             0.73099,             0.37565,            0.034529,            0.010145,                   0,           0.0020813,           0.0020813,            0.078581
                  59,            0.044192,            0.014607,                   0,             0.61163,             0.89015,             0.76474,             0.36841,            0.035753,           0.0099177,                   0,           0.0021077,           0.0021077,            0.078208
                  60,            0.040497,            0.012788,                   0,             0.74515,              0.8913,             0.86986,             0.42586,            0.029891,            0.010086,                   0,           0.0021336,           0.0021336,            0.077834
                  61,            0.044442,            0.014505,                   0,             0.78959,             0.89737,             0.88729,             0.43667,             0.03486,           0.0095339,                   0,           0.0021591,           0.0021591,            0.077459
                  62,            0.041075,            0.014879,                   0,             0.87968,             0.95365,              0.9285,             0.43856,            0.033503,           0.0093518,                   0,           0.0021842,           0.0021842,            0.077084
                  63,            0.044593,            0.013544,                   0,              0.8365,             0.94541,             0.92177,             0.48407,            0.033961,           0.0091794,                   0,           0.0022088,           0.0022088,            0.076709
                  64,            0.040822,            0.012229,                   0,             0.86863,             0.93432,             0.94367,             0.53237,            0.030783,           0.0093705,                   0,            0.002233,            0.002233,            0.076333
                  65,            0.040513,            0.013301,                   0,             0.85954,             0.93478,              0.9354,              0.6098,            0.030628,           0.0089466,                   0,           0.0022567,           0.0022567,            0.075957
                  66,            0.039613,            0.011133,                   0,             0.63095,             0.96739,             0.77854,             0.46664,            0.033288,           0.0088127,                   0,           0.0022799,           0.0022799,             0.07558
                  67,            0.039875,            0.012901,                   0,             0.88953,             0.88043,             0.92443,             0.57907,            0.032296,           0.0085963,                   0,           0.0023027,           0.0023027,            0.075203
                  68,            0.039551,            0.013842,                   0,             0.84146,             0.92306,             0.91403,              0.6066,             0.02895,            0.008454,                   0,            0.002325,            0.002325,            0.074825
                  69,            0.040908,            0.010993,                   0,             0.87104,             0.96739,             0.94211,             0.45658,            0.035415,            0.007925,                   0,           0.0023469,           0.0023469,            0.074447
                  70,            0.041034,            0.012083,                   0,              0.8888,              0.8688,             0.93116,              0.5155,            0.031444,           0.0080703,                   0,           0.0023683,           0.0023683,            0.074068
                  71,            0.040189,            0.012265,                   0,             0.83942,             0.96739,             0.93796,             0.59379,             0.02847,           0.0076692,                   0,           0.0023892,           0.0023892,            0.073689
                  72,            0.040849,            0.011073,                   0,             0.88155,             0.97826,             0.92628,             0.58755,            0.030675,           0.0074643,                   0,           0.0024096,           0.0024096,             0.07331
                  73,             0.03731,            0.011588,                   0,             0.85141,             0.93422,             0.92036,             0.55515,            0.030313,           0.0077998,                   0,           0.0024295,           0.0024295,             0.07293
                  74,            0.041729,            0.010547,                   0,              0.7368,             0.94565,             0.88872,             0.48671,            0.029441,            0.007898,                   0,            0.002449,            0.002449,            0.072549
                  75,            0.036948,            0.011513,                   0,             0.76064,             0.90217,             0.86313,             0.55044,            0.030003,           0.0074202,                   0,           0.0024679,           0.0024679,            0.072168
                  76,            0.036579,             0.01173,                   0,             0.76575,             0.92385,             0.90706,             0.41257,            0.030715,           0.0071989,                   0,           0.0024864,           0.0024864,            0.071786
                  77,            0.037756,            0.012318,                   0,             0.89108,             0.97819,             0.96311,             0.65826,            0.026103,           0.0071758,                   0,           0.0025044,           0.0025044,            0.071404
                  78,             0.04313,             0.01129,                   0,             0.85991,             0.95652,             0.94949,             0.50205,            0.031161,           0.0072541,                   0,           0.0025219,           0.0025219,            0.071022
                  79,            0.036765,            0.011273,                   0,             0.88268,             0.98913,             0.97079,             0.62929,            0.027498,           0.0073389,                   0,           0.0025388,           0.0025388,            0.070639
                  80,            0.038147,            0.010678,                   0,             0.82668,             0.93478,             0.93049,              0.3531,            0.042989,           0.0070467,                   0,           0.0025553,           0.0025553,            0.070255
                  81,            0.049594,           0.0097168,                   0,             0.47071,             0.73913,             0.55555,             0.23352,            0.048074,            0.007094,                   0,           0.0025713,           0.0025713,            0.069871
                  82,            0.046362,            0.011153,                   0,             0.73154,             0.97826,             0.87476,             0.44382,            0.036206,           0.0075665,                   0,           0.0025868,           0.0025868,            0.069487
                  83,            0.046809,             0.01017,                   0,              0.6022,             0.92149,             0.71859,             0.33724,            0.042333,           0.0074744,                   0,           0.0026017,           0.0026017,            0.069102
                  84,            0.047641,            0.011583,                   0,             0.69315,             0.83484,             0.83919,             0.40569,            0.039726,           0.0072837,                   0,           0.0026162,           0.0026162,            0.068716
                  85,            0.048459,            0.011094,                   0,             0.73732,             0.85429,             0.87312,             0.44387,            0.036633,           0.0070778,                   0,           0.0026301,           0.0026301,             0.06833
                  86,            0.039067,            0.011774,                   0,             0.48423,              0.8587,             0.62279,             0.26454,            0.037894,           0.0067598,                   0,           0.0026435,           0.0026435,            0.067944
                  87,            0.041094,            0.010656,                   0,             0.79218,             0.91154,             0.92111,             0.50642,            0.030952,           0.0068313,                   0,           0.0026564,           0.0026564,            0.067556
                  88,            0.042762,            0.010761,                   0,             0.63678,              0.8587,             0.70703,             0.29269,            0.041119,           0.0065766,                   0,           0.0026688,           0.0026688,            0.067169
                  89,            0.046585,            0.010934,                   0,             0.80589,             0.72826,             0.86367,             0.44445,            0.040899,            0.006366,                   0,           0.0026807,           0.0026807,            0.066781
                  90,            0.049656,            0.010751,                   0,             0.82531,             0.77032,             0.86701,             0.45407,            0.034293,           0.0068375,                   0,            0.002692,            0.002692,            0.066392
                  91,            0.037485,            0.010597,                   0,             0.91689,             0.97826,             0.97442,             0.65078,            0.026555,           0.0068447,                   0,           0.0027028,           0.0027028,            0.066003
                  92,            0.041006,            0.010746,                   0,             0.63252,             0.69226,             0.69406,              0.3763,            0.042664,           0.0063266,                   0,           0.0027132,           0.0027132,            0.065613
                  93,             0.04754,            0.010756,                   0,             0.53442,                0.75,             0.60622,             0.28661,            0.040884,           0.0064233,                   0,           0.0027229,           0.0027229,            0.065223
                  94,            0.046423,            0.011211,                   0,             0.79564,             0.80435,             0.85515,             0.46711,            0.040024,           0.0063047,                   0,           0.0027322,           0.0027322,            0.064832
                  95,            0.045277,           0.0089622,                   0,              0.6497,             0.79348,             0.74391,              0.3883,            0.039851,           0.0064402,                   0,            0.002741,            0.002741,            0.064441
                  96,            0.044794,             0.00956,                   0,             0.86666,             0.98905,             0.96098,             0.49512,            0.035356,           0.0068362,                   0,           0.0027492,           0.0027492,            0.064049
                  97,            0.039443,            0.011606,                   0,             0.74977,             0.94449,             0.89181,             0.59315,            0.031747,           0.0067531,                   0,           0.0027569,           0.0027569,            0.063657
                  98,            0.037498,           0.0095446,                   0,             0.91427,             0.94565,             0.96876,             0.59634,            0.034127,           0.0065751,                   0,           0.0027641,           0.0027641,            0.063264
                  99,            0.037391,            0.010933,                   0,             0.95699,             0.96739,             0.96348,             0.53973,            0.030429,            0.006686,                   0,           0.0027708,           0.0027708,            0.062871
                 100,            0.039593,           0.0095324,                   0,             0.86534,             0.97826,             0.94342,             0.52184,            0.036953,            0.006472,                   0,           0.0027769,           0.0027769,            0.062477
                 101,            0.043023,           0.0097004,                   0,             0.55767,             0.94556,              0.6874,              0.3108,            0.036763,           0.0064263,                   0,           0.0027825,           0.0027825,            0.062083
                 102,            0.044991,           0.0097238,                   0,             0.72495,             0.71622,             0.80063,              0.3432,            0.038403,           0.0063793,                   0,           0.0027876,           0.0027876,            0.061688
                 103,            0.043421,            0.011813,                   0,              0.9331,             0.91304,             0.95571,             0.63475,            0.028849,           0.0064277,                   0,           0.0027922,           0.0027922,            0.061292
                 104,            0.039749,            0.010489,                   0,             0.79604,              0.8913,             0.91333,              0.4851,            0.034811,            0.006288,                   0,           0.0027963,           0.0027963,            0.060896
                 105,            0.036506,             0.01089,                   0,             0.63292,             0.82465,             0.74836,             0.34149,            0.030943,           0.0064019,                   0,           0.0027999,           0.0027999,              0.0605
                 106,            0.035103,           0.0098381,                   0,             0.79318,             0.88043,             0.89079,             0.56757,            0.029196,           0.0062413,                   0,           0.0028029,           0.0028029,            0.060103
                 107,            0.039662,           0.0097724,                   0,             0.85057,             0.80431,             0.89151,             0.38266,            0.037349,           0.0060489,                   0,           0.0028055,           0.0028055,            0.059705
                 108,            0.040493,           0.0099215,                   0,             0.87213,              0.8913,             0.93357,             0.55937,            0.028851,           0.0060299,                   0,           0.0028075,           0.0028075,            0.059308
                 109,             0.03441,            0.010275,                   0,             0.91742,             0.96739,             0.95945,             0.60777,            0.027735,           0.0061732,                   0,            0.002809,            0.002809,            0.058909
                 110,            0.033957,           0.0099191,                   0,             0.73818,              0.8587,             0.83577,             0.51732,            0.028894,           0.0062138,                   0,             0.00281,             0.00281,             0.05851
                 111,            0.034452,           0.0095927,                   0,              0.8976,              0.8575,             0.94242,             0.64581,            0.028579,           0.0059612,                   0,           0.0028106,           0.0028106,            0.058111
                 112,            0.033988,           0.0090471,                   0,             0.90907,             0.97805,             0.97913,             0.63799,            0.027304,            0.006029,                   0,           0.0028106,           0.0028106,            0.057711
                 113,            0.034336,           0.0090094,                   0,             0.91384,             0.92235,             0.96714,             0.66208,              0.0294,            0.005915,                   0,           0.0028101,           0.0028101,             0.05731
                 114,            0.036835,           0.0093273,                   0,             0.87745,             0.93393,             0.96509,              0.5744,             0.02941,           0.0059893,                   0,           0.0028091,           0.0028091,            0.056909
                 115,            0.035532,           0.0094934,                   0,             0.90903,             0.97826,             0.97972,              0.6434,             0.02719,            0.005992,                   0,           0.0028076,           0.0028076,            0.056508
                 116,            0.041374,           0.0084066,                   0,             0.94649,             0.96739,             0.98348,             0.47701,            0.040492,            0.005881,                   0,           0.0028057,           0.0028057,            0.056106
                 117,             0.04137,           0.0097475,                   0,             0.91636,             0.95652,             0.97106,              0.5223,            0.030832,           0.0059159,                   0,           0.0028032,           0.0028032,            0.055703
                 118,             0.03977,           0.0080451,                   0,              0.8409,             0.86957,             0.91375,               0.545,             0.03018,           0.0060363,                   0,           0.0028003,           0.0028003,              0.0553
                 119,            0.036306,            0.010065,                   0,             0.94681,             0.96733,             0.98511,             0.69513,            0.024186,           0.0059485,                   0,           0.0027969,           0.0027969,            0.054897
                 120,            0.033059,           0.0089497,                   0,             0.80791,              0.8686,             0.87186,             0.46207,            0.030246,           0.0057467,                   0,            0.002793,            0.002793,            0.054493
                 121,            0.037754,           0.0083197,                   0,             0.88771,             0.94521,              0.9644,              0.5546,            0.037644,           0.0057386,                   0,           0.0027886,           0.0027886,            0.054089
                 122,            0.040329,            0.009771,                   0,             0.89558,             0.93478,              0.9688,             0.62061,            0.027448,           0.0057835,                   0,           0.0027838,           0.0027838,            0.053684
                 123,            0.036159,           0.0090452,                   0,             0.95546,             0.93277,             0.98238,             0.60513,            0.029722,           0.0058369,                   0,           0.0027785,           0.0027785,            0.053278
                 124,            0.034865,           0.0095045,                   0,             0.82238,             0.95652,             0.91913,             0.59115,            0.026094,           0.0059083,                   0,           0.0027727,           0.0027727,            0.052873
                 125,            0.035371,           0.0095769,                   0,              0.9157,              0.9446,             0.97039,             0.51318,            0.035045,           0.0058312,                   0,           0.0027665,           0.0027665,            0.052466
                 126,            0.037747,           0.0093126,                   0,             0.90904,             0.97768,             0.97717,             0.66424,            0.029764,           0.0056438,                   0,           0.0027598,           0.0027598,             0.05206
                 127,            0.036417,           0.0082618,                   0,             0.79121,             0.98854,             0.89496,             0.59978,            0.026735,           0.0056188,                   0,           0.0027527,           0.0027527,            0.051653
                 128,            0.033287,           0.0096608,                   0,             0.61149,             0.92382,             0.80665,             0.52869,            0.027149,           0.0056098,                   0,           0.0027452,           0.0027452,            0.051245
                 129,            0.033712,             0.01014,                   0,             0.91006,             0.87984,             0.95253,             0.61034,            0.027021,           0.0054996,                   0,           0.0027372,           0.0027372,            0.050837
                 130,            0.033345,           0.0090119,                   0,              0.8328,             0.92391,             0.93962,             0.60594,             0.02995,           0.0054122,                   0,           0.0027287,           0.0027287,            0.050429
                 131,            0.037258,           0.0093057,                   0,             0.85007,             0.98913,             0.93864,             0.63927,            0.023915,           0.0054268,                   0,           0.0027199,           0.0027199,             0.05002
                 132,            0.030968,           0.0087299,                   0,             0.92846,             0.98913,             0.98222,             0.73938,            0.022221,           0.0053461,                   0,           0.0027106,           0.0027106,            0.049611
                 133,            0.031645,           0.0088323,                   0,             0.89214,             0.98913,             0.96658,             0.66545,            0.022842,           0.0051984,                   0,           0.0027009,           0.0027009,            0.049201
                 134,             0.03111,           0.0075673,                   0,             0.92857,             0.98909,             0.96651,             0.63062,            0.027826,           0.0050328,                   0,           0.0026908,           0.0026908,            0.048791
                 135,            0.031712,           0.0089091,                   0,             0.92776,             0.97826,             0.97043,             0.67205,            0.026587,           0.0049462,                   0,           0.0026802,           0.0026802,             0.04838
                 136,             0.03611,           0.0085311,                   0,             0.94668,             0.96739,             0.97931,             0.56479,            0.031474,           0.0049846,                   0,           0.0026693,           0.0026693,            0.047969
                 137,            0.034463,           0.0080763,                   0,             0.93665,             0.96739,             0.98189,             0.71333,            0.025826,           0.0048548,                   0,            0.002658,            0.002658,            0.047558
                 138,            0.035239,           0.0074158,                   0,             0.92783,             0.97818,             0.97839,             0.52784,            0.029941,            0.004998,                   0,           0.0026463,           0.0026463,            0.047146
                 139,            0.036693,            0.009161,                   0,             0.95789,             0.98903,             0.99043,             0.70066,            0.024297,           0.0049217,                   0,           0.0026342,           0.0026342,            0.046734
                 140,            0.034941,           0.0088313,                   0,             0.94728,             0.97826,             0.98688,             0.67153,            0.024274,           0.0049841,                   0,           0.0026218,           0.0026218,            0.046322
                 141,             0.02976,           0.0095223,                   0,             0.96744,             0.97826,             0.99102,             0.71151,            0.022126,           0.0048315,                   0,           0.0026089,           0.0026089,            0.045909
                 142,            0.028076,           0.0081166,                   0,             0.97802,             0.96724,             0.99024,             0.70177,             0.02323,           0.0047692,                   0,           0.0025957,           0.0025957,            0.045496
                 143,            0.033563,           0.0079931,                   0,             0.95503,             0.97826,             0.98976,             0.53027,             0.03272,           0.0049752,                   0,           0.0025822,           0.0025822,            0.045082
                 144,            0.037892,           0.0084022,                   0,             0.95744,              0.9781,             0.98853,             0.61037,            0.027315,           0.0048455,                   0,           0.0025683,           0.0025683,            0.044668
                 145,            0.041229,           0.0093037,                   0,             0.94675,             0.98913,              0.9819,             0.69617,            0.023332,           0.0049368,                   0,           0.0025541,           0.0025541,            0.044254
                 146,            0.028533,           0.0082976,                   0,             0.96768,             0.97826,              0.9873,             0.74473,            0.023114,           0.0047285,                   0,           0.0025395,           0.0025395,            0.043839
                 147,            0.032878,           0.0081088,                   0,             0.95788,             0.98872,             0.98393,             0.59648,            0.026656,           0.0047094,                   0,           0.0025246,           0.0025246,            0.043425
                 148,            0.033395,           0.0082412,                   0,             0.97755,             0.97826,             0.98598,             0.64314,            0.023352,           0.0046415,                   0,           0.0025094,           0.0025094,            0.043009
                 149,            0.030598,           0.0080447,                   0,             0.97775,             0.95652,             0.98843,             0.72417,            0.021158,           0.0048084,                   0,           0.0024938,           0.0024938,            0.042594
                 150,            0.029272,           0.0079182,                   0,             0.97778,              0.9564,             0.98974,             0.72089,            0.022666,           0.0047714,                   0,            0.002478,            0.002478,            0.042178
                 151,            0.029175,            0.007648,                   0,             0.97752,             0.94542,             0.98853,             0.70049,            0.024731,           0.0048598,                   0,           0.0024618,           0.0024618,            0.041762
                 152,            0.031824,           0.0083768,                   0,              0.9764,             0.92391,             0.98672,             0.65785,            0.023637,           0.0048108,                   0,           0.0024454,           0.0024454,            0.041345
                 153,            0.032158,           0.0082764,                   0,             0.97776,             0.95652,             0.99057,             0.72643,            0.019464,           0.0047389,                   0,           0.0024287,           0.0024287,            0.040929
                 154,            0.028541,           0.0076947,                   0,             0.97773,             0.95652,             0.98867,             0.64278,            0.026157,           0.0047042,                   0,           0.0024117,           0.0024117,            0.040512
                 155,            0.029612,           0.0072436,                   0,             0.97776,             0.95652,             0.98892,             0.69738,            0.024414,           0.0046131,                   0,           0.0023945,           0.0023945,            0.040094
                 156,            0.030681,           0.0077789,                   0,             0.95787,             0.98855,             0.98893,             0.68977,            0.023905,           0.0046727,                   0,            0.002377,            0.002377,            0.039677
                 157,            0.029021,           0.0096182,                   0,             0.97778,             0.95642,             0.99037,             0.76154,            0.019486,           0.0046619,                   0,           0.0023592,           0.0023592,            0.039259
                 158,            0.027534,           0.0078456,                   0,             0.93877,             0.99992,             0.98872,             0.68417,            0.021447,           0.0047432,                   0,           0.0023412,           0.0023412,            0.038841
                 159,            0.027165,           0.0070311,                   0,             0.97727,             0.94565,             0.98818,             0.72015,            0.021717,           0.0046874,                   0,            0.002323,            0.002323,            0.038423
                 160,            0.028438,           0.0077963,                   0,             0.93868,                   1,             0.99044,             0.74993,            0.020351,           0.0046912,                   0,           0.0023045,           0.0023045,            0.038005
                 161,            0.026552,           0.0087786,                   0,             0.93862,                   1,             0.99006,             0.75952,            0.020105,           0.0046285,                   0,           0.0022858,           0.0022858,            0.037586
                 162,             0.02608,            0.007027,                   0,             0.95772,             0.98913,             0.98847,             0.77877,             0.01806,           0.0044732,                   0,            0.002267,            0.002267,            0.037167
                 163,            0.026393,            0.008191,                   0,             0.96785,             0.98913,             0.98607,             0.75444,            0.018041,           0.0043235,                   0,           0.0022479,           0.0022479,            0.036748
                 164,            0.027355,           0.0081925,                   0,             0.96784,             0.98913,             0.98575,             0.77162,            0.020171,           0.0042688,                   0,           0.0022286,           0.0022286,            0.036329
                 165,            0.026142,           0.0064222,                   0,             0.97798,             0.96739,             0.98709,             0.70155,            0.020448,           0.0042709,                   0,           0.0022092,           0.0022092,            0.035909
                 166,            0.025803,           0.0077705,                   0,             0.95779,             0.98913,             0.98767,             0.76067,            0.019959,           0.0043094,                   0,           0.0021896,           0.0021896,             0.03549
                 167,            0.026973,           0.0078787,                   0,              0.9577,             0.98913,             0.98754,             0.68121,            0.021333,           0.0042959,                   0,           0.0021698,           0.0021698,             0.03507
                 168,            0.029248,           0.0078262,                   0,             0.96761,             0.97826,             0.98671,             0.67168,            0.023425,           0.0042759,                   0,           0.0021499,           0.0021499,             0.03465
                 169,            0.031633,           0.0072121,                   0,             0.96809,                   1,             0.98514,             0.78202,            0.020389,           0.0044006,                   0,           0.0021298,           0.0021298,             0.03423
                 170,            0.026715,           0.0078934,                   0,             0.94843,             0.99946,             0.98558,             0.78173,             0.01874,           0.0042876,                   0,           0.0021096,           0.0021096,             0.03381
                 171,            0.026203,           0.0073151,                   0,             0.93718,             0.97826,              0.9831,             0.77698,            0.020025,           0.0042159,                   0,           0.0020893,           0.0020893,            0.033389
                 172,            0.023143,            0.007401,                   0,             0.97788,             0.96739,              0.9888,             0.76241,            0.018952,             0.00415,                   0,           0.0020689,           0.0020689,            0.032969
                 173,            0.025288,           0.0073278,                   0,             0.96738,             0.96711,             0.98888,             0.77898,            0.018684,           0.0041343,                   0,           0.0020484,           0.0020484,            0.032548
                 174,            0.023818,           0.0070552,                   0,             0.97722,             0.95652,             0.99094,             0.80655,            0.016832,           0.0040944,                   0,           0.0020277,           0.0020277,            0.032128
                 175,            0.025592,           0.0078093,                   0,             0.94611,             0.95652,             0.98557,             0.72939,            0.022308,           0.0041154,                   0,            0.002007,            0.002007,            0.031707
                 176,            0.028703,           0.0069999,                   0,             0.97798,             0.96739,             0.99119,             0.78462,            0.020471,           0.0040988,                   0,           0.0019863,           0.0019863,            0.031286
                 177,            0.024799,           0.0075519,                   0,             0.97785,             0.96739,             0.99067,             0.79715,            0.016372,           0.0040433,                   0,           0.0019654,           0.0019654,            0.030865
                 178,            0.021917,           0.0058786,                   0,             0.96739,             0.96738,             0.99064,             0.79255,             0.01793,           0.0039973,                   0,           0.0019445,           0.0019445,            0.030445
                 179,            0.027092,           0.0067648,                   0,             0.97802,              0.9672,             0.99074,             0.69964,            0.023756,           0.0040739,                   0,           0.0019236,           0.0019236,            0.030024
                 180,            0.027981,           0.0071737,                   0,             0.97801,             0.96678,             0.99118,             0.78588,            0.017391,           0.0039256,                   0,           0.0019026,           0.0019026,            0.029603
                 181,            0.026494,           0.0071864,                   0,             0.97796,             0.96739,             0.99192,             0.72704,            0.021936,           0.0040319,                   0,           0.0018817,           0.0018817,            0.029182
                 182,             0.02601,            0.007865,                   0,             0.98808,             0.96739,             0.99266,             0.79446,            0.017466,           0.0039046,                   0,           0.0018607,           0.0018607,            0.028761
                 183,            0.026618,           0.0071079,                   0,             0.98888,             0.96703,             0.99201,             0.81236,            0.016662,           0.0039454,                   0,           0.0018397,           0.0018397,             0.02834
                 184,             0.02729,           0.0067338,                   0,             0.96745,             0.97826,             0.99189,             0.73018,             0.01906,           0.0039136,                   0,           0.0018187,           0.0018187,            0.027919
                 185,            0.028836,           0.0076705,                   0,             0.97826,             0.97815,             0.99156,              0.7122,            0.023051,           0.0040007,                   0,           0.0017977,           0.0017977,            0.027498
                 186,            0.026781,           0.0077645,                   0,             0.97826,             0.97808,             0.99275,             0.80084,            0.017847,           0.0038602,                   0,           0.0017768,           0.0017768,            0.027077
                 187,            0.024476,           0.0069489,                   0,             0.96802,             0.98913,             0.99294,             0.83626,            0.016888,           0.0038822,                   0,           0.0017559,           0.0017559,            0.026656
                 188,            0.021768,           0.0073573,                   0,             0.96808,             0.98908,             0.99307,               0.824,            0.015875,           0.0038424,                   0,           0.0017351,           0.0017351,            0.026235
                 189,            0.021742,           0.0064929,                   0,             0.97826,             0.97816,             0.99339,             0.81062,            0.017213,           0.0038268,                   0,           0.0017143,           0.0017143,            0.025814
                 190,            0.020866,           0.0065435,                   0,             0.97826,             0.97825,             0.99308,             0.82732,            0.014874,           0.0037389,                   0,           0.0016936,           0.0016936,            0.025394
                 191,            0.022317,           0.0069538,                   0,             0.97826,             0.97813,              0.9927,             0.83018,            0.016451,           0.0037181,                   0,            0.001673,            0.001673,            0.024973
                 192,            0.023929,           0.0066736,                   0,             0.97817,             0.97826,              0.9928,             0.80626,            0.017311,           0.0037535,                   0,           0.0016525,           0.0016525,            0.024552
                 193,              0.0219,           0.0065224,                   0,             0.97817,             0.97826,              0.9927,               0.837,            0.015433,            0.003672,                   0,            0.001632,            0.001632,            0.024132
                 194,            0.021455,           0.0065306,                   0,             0.96792,             0.98913,             0.99222,             0.83651,            0.015038,           0.0036468,                   0,           0.0016118,           0.0016118,            0.023712
                 195,            0.021397,           0.0068517,                   0,             0.97824,             0.97826,             0.99168,             0.82957,             0.01557,           0.0036944,                   0,           0.0015916,           0.0015916,            0.023292
                 196,            0.020589,           0.0073498,                   0,             0.97826,             0.97821,             0.99301,             0.85252,            0.015426,           0.0036709,                   0,           0.0015716,           0.0015716,            0.022872
                 197,            0.021136,            0.006637,                   0,             0.96798,             0.98913,             0.99341,             0.84557,            0.015282,           0.0036325,                   0,           0.0015517,           0.0015517,            0.022452
                 198,            0.020692,           0.0067278,                   0,             0.96808,             0.98911,             0.99362,             0.84143,            0.014938,           0.0035516,                   0,            0.001532,            0.001532,            0.022032
                 199,            0.022534,           0.0063885,                   0,             0.95833,             0.99999,             0.99361,             0.82737,            0.015834,           0.0035588,                   0,           0.0015125,           0.0015125,            0.021612
                 200,            0.023048,           0.0070293,                   0,             0.95823,                   1,             0.99284,             0.81527,            0.015538,            0.003566,                   0,           0.0014931,           0.0014931,            0.021193
                 201,            0.022338,           0.0068933,                   0,             0.94836,                   1,             0.99251,             0.81503,            0.016622,           0.0035447,                   0,            0.001474,            0.001474,            0.020774
                 202,            0.022615,           0.0073622,                   0,             0.96776,             0.98913,             0.99241,              0.8247,            0.015466,           0.0035829,                   0,            0.001455,            0.001455,            0.020355
                 203,              0.0232,           0.0068914,                   0,             0.96735,             0.98913,             0.99242,             0.81096,            0.016967,           0.0036291,                   0,           0.0014363,           0.0014363,            0.019936
                 204,             0.02502,           0.0061305,                   0,             0.96791,             0.98913,             0.99264,             0.78017,            0.018367,           0.0036711,                   0,           0.0014178,           0.0014178,            0.019518
                 205,            0.024072,           0.0072466,                   0,             0.96801,             0.98913,             0.99263,              0.8315,            0.014895,           0.0036054,                   0,           0.0013995,           0.0013995,              0.0191
                 206,            0.020635,           0.0063886,                   0,             0.98857,             0.96739,             0.99277,             0.83286,            0.014404,           0.0035849,                   0,           0.0013815,           0.0013815,            0.018682
                 207,            0.020015,           0.0067093,                   0,             0.97802,             0.96725,             0.99226,             0.83517,             0.01505,           0.0035996,                   0,           0.0013638,           0.0013638,            0.018264
                 208,            0.021156,           0.0056948,                   0,             0.96774,             0.97812,             0.99191,             0.83292,            0.016069,           0.0036001,                   0,           0.0013463,           0.0013463,            0.017846
                 209,             0.02189,            0.006859,                   0,             0.96716,             0.97826,             0.99169,             0.82881,            0.015345,           0.0035628,                   0,           0.0013291,           0.0013291,            0.017429
                 210,            0.023161,           0.0063611,                   0,             0.97826,             0.97805,             0.99187,             0.83484,            0.014449,           0.0035489,                   0,           0.0013122,           0.0013122,            0.017012
                 211,            0.020092,           0.0072091,                   0,             0.97825,             0.97794,             0.99173,             0.82453,            0.014397,           0.0035327,                   0,           0.0012956,           0.0012956,            0.016596
                 212,            0.022008,           0.0061223,                   0,             0.96808,             0.98907,             0.99205,             0.77658,            0.015969,           0.0035675,                   0,           0.0012794,           0.0012794,            0.016179
                 213,            0.021597,           0.0068326,                   0,             0.96842,                   1,             0.99275,              0.8011,             0.01621,           0.0034678,                   0,           0.0012634,           0.0012634,            0.015763
                 214,            0.023489,           0.0067303,                   0,             0.96842,             0.99998,             0.99286,             0.82388,            0.016141,           0.0034811,                   0,           0.0012478,           0.0012478,            0.015348
                 215,            0.020917,           0.0062335,                   0,              0.9684,                   1,             0.99297,             0.83423,            0.014453,           0.0033979,                   0,           0.0012326,           0.0012326,            0.014933
                 216,            0.019586,           0.0065457,                   0,             0.96834,                   1,             0.99297,             0.83217,            0.014922,           0.0034181,                   0,           0.0012177,           0.0012177,            0.014518
                 217,            0.019718,           0.0062942,                   0,             0.96842,             0.99983,             0.99297,             0.86153,            0.013439,           0.0033279,                   0,           0.0012032,           0.0012032,            0.014103
                 218,            0.019578,           0.0060193,                   0,             0.96839,                   1,             0.99261,             0.84416,            0.014827,             0.00341,                   0,           0.0011891,           0.0011891,            0.013689
                 219,            0.019292,           0.0067562,                   0,             0.96828,                   1,             0.99238,             0.85175,            0.013806,           0.0032996,                   0,           0.0011754,           0.0011754,            0.013275
                 220,            0.019401,           0.0064902,                   0,             0.96839,                   1,             0.99259,             0.87785,            0.012415,           0.0032383,                   0,            0.001162,            0.001162,            0.012862
                 221,            0.019541,           0.0065538,                   0,             0.96835,                   1,             0.99293,             0.84728,            0.014075,           0.0032446,                   0,           0.0011491,           0.0011491,            0.012449
                 222,            0.020714,           0.0064748,                   0,             0.96834,                   1,             0.99315,             0.84133,            0.014521,           0.0032535,                   0,           0.0011366,           0.0011366,            0.012037
                 223,            0.019081,           0.0064087,                   0,             0.96842,             0.99994,             0.99338,             0.85355,            0.014183,           0.0032824,                   0,           0.0011246,           0.0011246,            0.011625
                 224,            0.019955,           0.0073122,                   0,             0.96842,             0.99995,              0.9936,             0.85444,            0.013654,           0.0032647,                   0,            0.001113,            0.001113,            0.011213
                 225,            0.017754,           0.0060683,                   0,             0.96837,                   1,             0.99382,             0.85334,             0.01407,           0.0032837,                   0,           0.0011019,           0.0011019,            0.010802
                 226,            0.019099,           0.0068937,                   0,             0.96842,             0.99993,             0.99382,             0.83451,            0.014256,           0.0033002,                   0,           0.0010912,           0.0010912,            0.010391
                 227,            0.020033,            0.005534,                   0,             0.96842,             0.99994,             0.99382,             0.84618,            0.013608,           0.0032469,                   0,            0.001081,            0.001081,            0.009981
                 228,            0.017724,           0.0056487,                   0,             0.96842,             0.99994,             0.99415,             0.83168,             0.01433,           0.0032393,                   0,           0.0010714,           0.0010714,           0.0095714
                 229,            0.019345,           0.0065292,                   0,             0.96842,             0.99999,             0.99404,              0.8677,            0.013469,           0.0031819,                   0,           0.0010622,           0.0010622,           0.0091622
                 230,            0.018567,           0.0062976,                   0,             0.96842,             0.99996,             0.99404,             0.83908,            0.014378,           0.0031778,                   0,           0.0010535,           0.0010535,           0.0087535
                 231,            0.021382,           0.0063714,                   0,              0.9684,                   1,             0.99425,             0.84971,            0.013939,           0.0031749,                   0,           0.0010453,           0.0010453,           0.0083453
                 232,            0.018284,           0.0059077,                   0,             0.98913,             0.98904,             0.99436,             0.85296,            0.013353,           0.0031369,                   0,           0.0010377,           0.0010377,           0.0079377
                 233,            0.020307,           0.0068868,                   0,             0.98913,             0.98898,             0.99436,             0.86939,            0.013434,           0.0030807,                   0,           0.0010306,           0.0010306,           0.0075306
                 234,            0.017213,           0.0055285,                   0,             0.96842,             0.99998,             0.99414,             0.85811,             0.01313,           0.0030855,                   0,           0.0010241,           0.0010241,           0.0071241
                 235,            0.019008,           0.0061174,                   0,             0.96842,             0.99991,             0.99303,             0.85525,            0.013056,           0.0031039,                   0,           0.0010182,           0.0010182,           0.0067182
                 236,            0.018336,           0.0059247,                   0,             0.96838,                   1,              0.9907,             0.86769,            0.012528,           0.0030967,                   0,           0.0010128,           0.0010128,           0.0063128
                 237,            0.017805,           0.0060438,                   0,             0.96841,                   1,             0.99059,             0.86376,            0.012203,             0.00311,                   0,            0.001008,            0.001008,            0.005908
                 238,            0.018074,           0.0058514,                   0,             0.97872,             0.99994,               0.991,             0.85994,            0.012252,           0.0031186,                   0,           0.0010038,           0.0010038,           0.0055038
                 239,            0.016957,           0.0046801,                   0,             0.97872,             0.99991,             0.99213,             0.85698,             0.01367,           0.0031655,                   0,           0.0010002,           0.0010002,           0.0051002
                 240,            0.017705,           0.0060627,                   0,             0.97872,             0.99998,             0.99303,             0.76457,            0.017711,           0.0032365,                   0,          0.00099717,          0.00099717,           0.0046972
                 241,            0.026012,           0.0068442,                   0,             0.97872,             0.99989,             0.99381,             0.82739,            0.014434,           0.0031116,                   0,           0.0009948,           0.0009948,           0.0042948
                 242,            0.022269,           0.0059096,                   0,             0.97872,              0.9999,             0.99392,             0.87149,            0.012437,           0.0030301,                   0,          0.00099306,          0.00099306,           0.0038931
                 243,            0.017562,           0.0054191,                   0,             0.96836,                   1,             0.99426,             0.85883,            0.013483,           0.0030839,                   0,          0.00099196,          0.00099196,            0.003492
                 244,            0.019123,           0.0060303,                   0,             0.96834,                   1,             0.99415,              0.8557,            0.013074,           0.0030532,                   0,          0.00099152,          0.00099152,           0.0030915
                 245,            0.020404,           0.0056763,                   0,             0.96838,                   1,             0.99404,             0.88374,            0.012019,           0.0029825,                   0,          0.00099173,          0.00099173,           0.0026917
                 246,            0.017777,           0.0064958,                   0,             0.96837,                   1,             0.99414,              0.8651,            0.012596,           0.0030133,                   0,          0.00099261,          0.00099261,           0.0022926
                 247,            0.019874,           0.0056078,                   0,             0.97871,             0.99929,             0.99425,             0.85661,            0.013851,           0.0029824,                   0,          0.00099417,          0.00099417,           0.0018942
                 248,             0.01826,           0.0050955,                   0,             0.97856,                   1,             0.99446,             0.87343,            0.012154,           0.0029625,                   0,          0.00099641,          0.00099641,           0.0014964
                 249,            0.016908,           0.0069461,                   0,             0.98903,                   1,             0.99457,             0.87329,            0.012508,           0.0029885,                   0,          0.00099935,          0.00099935,           0.0010994
